{
    "Alem\u00e3o": {
        "a": 0.06022527705444195,
        "b": 0.017834433476654758,
        "c": 0.024223339187306972,
        "d": 0.0346696542118331,
        "e": 0.15206201174831951,
        "f": 0.021104584266941197,
        "g": 0.030127778114213043,
        "h": 0.04093744322654878,
        "i": 0.08184460727911343,
        "j": 0.002240658874825895,
        "k": 0.020196209047417188,
        "l": 0.039817113789135834,
        "m": 0.03354932477442015,
        "n": 0.09792284866468842,
        "o": 0.03136922424756253,
        "p": 0.014261490946526978,
        "q": 0.00039362926179373827,
        "r": 0.07763580209531884,
        "s": 0.06167867740568037,
        "t": 0.06373766123660146,
        "u": 0.05211045842669412,
        "v": 0.010294919154605462,
        "w": 0.011869436201780416,
        "x": 0.0013020044813177496,
        "y": 0.0017561920910797555,
        "z": 0.016835220735178343
    },
    "Portugu\u00eas": {
        "a": 0.14144615611410039,
        "b": 0.012640967052406575,
        "c": 0.04127662710989902,
        "d": 0.050453305815581925,
        "e": 0.11583253482715412,
        "f": 0.01135107245522223,
        "g": 0.0168054838947446,
        "h": 0.009840053069949142,
        "i": 0.07385567922164074,
        "j": 0.0050490159946930055,
        "k": 0.0015847276479693374,
        "l": 0.03324242647600796,
        "m": 0.039691899461929685,
        "n": 0.05052701407827818,
        "o": 0.10304415124935505,
        "p": 0.03128915751455738,
        "q": 0.006670597774010466,
        "r": 0.0777622171445419,
        "s": 0.07182870199749392,
        "t": 0.04466720719392644,
        "u": 0.035416820225547284,
        "v": 0.016289526055870862,
        "w": 0.0009582074150512272,
        "x": 0.002690351588413061,
        "y": 0.001437311122576841,
        "z": 0.004348787499078647
    },
    "Espanhol": {
        "a": 0.12770009755191156,
        "b": 0.015213452873136062,
        "c": 0.045593905328192505,
        "d": 0.0484043294467413,
        "e": 0.12363543457053933,
        "f": 0.00812932596274446,
        "g": 0.012658521856273516,
        "h": 0.00901193849584243,
        "i": 0.07344265341199424,
        "j": 0.004900822223254517,
        "k": 0.0019278115854508293,
        "l": 0.056858828447995544,
        "m": 0.026617735866586147,
        "n": 0.07365169322246481,
        "o": 0.086797974636503,
        "p": 0.028382960932782086,
        "q": 0.006549914061411251,
        "r": 0.07290844056301389,
        "s": 0.06777535188368096,
        "t": 0.04287638779207507,
        "u": 0.0409253495610164,
        "v": 0.010684256979607005,
        "w": 0.00088261253309797,
        "x": 0.0022994379151762903,
        "y": 0.007478979885724903,
        "z": 0.004691782412783946
    },
    "Frances": {
        "a": 0.08656580194474672,
        "b": 0.010847053041738337,
        "c": 0.036964229297574334,
        "d": 0.03791203004879419,
        "e": 0.16677782848316777,
        "f": 0.011373609014638256,
        "g": 0.013111243725207989,
        "h": 0.009758837364411837,
        "i": 0.07133078246217572,
        "j": 0.003334854495032822,
        "k": 0.0015796679186997579,
        "l": 0.05792115701899112,
        "m": 0.027117632604345843,
        "n": 0.07410397725278198,
        "o": 0.059272650682767575,
        "p": 0.028767507986098922,
        "q": 0.006897883244988942,
        "r": 0.07385825113209535,
        "s": 0.08114227542387756,
        "t": 0.06258995331203707,
        "u": 0.05216414504861867,
        "v": 0.01530522694562432,
        "w": 0.0007898339593498789,
        "x": 0.003984273528276056,
        "y": 0.004510829501175975,
        "z": 0.002018464562783024
    },
    "Ingl\u00eas": {
        "a": 0.08818675548354188,
        "b": 0.014492753623188406,
        "c": 0.03126594052870045,
        "d": 0.04083775917424311,
        "e": 0.11477180664326223,
        "f": 0.022294235904821918,
        "g": 0.02139406487232574,
        "h": 0.034596573348936295,
        "i": 0.07738470309358778,
        "j": 0.0032106100159030215,
        "k": 0.0118822576289495,
        "l": 0.0454586371410568,
        "m": 0.028805473039877575,
        "n": 0.06952320940978786,
        "o": 0.07204368830077715,
        "p": 0.02340444684490053,
        "q": 0.0012002280433282323,
        "r": 0.07036336904011763,
        "s": 0.07279383082785729,
        "t": 0.07717466318600534,
        "u": 0.02949560416479131,
        "v": 0.01152218921595103,
        "w": 0.017943409247757072,
        "x": 0.0019503705704083775,
        "y": 0.015903021574099077,
        "z": 0.002100399075824407
    }
}